what,kind,bundleId,bundleVersion,description,time
activated,editor,org.eclipse.cdt.ui,5.2.0.201006141710,"org.eclipse.cdt.ui.editor.CEditor",1300040716964
deactivated,workbench,org.eclipse.ui.workbench,3.6.0.I20100603-1100,"",1300040721195
activated,workbench,org.eclipse.ui.workbench,3.6.0.I20100603-1100,"",1300040721213
activated,editor,org.eclipse.cdt.ui,5.2.0.201006141710,"org.eclipse.cdt.ui.editor.CEditor",1300040721290
executed,command,org.eclipse.ui,3.6.0.I20100603-1100,"org.eclipse.ui.edit.copy",1300040724383
deactivated,workbench,org.eclipse.ui.workbench,3.6.0.I20100603-1100,"",1300040724565
activated,workbench,org.eclipse.ui.workbench,3.6.0.I20100603-1100,"",1300040724583
executed,command,org.eclipse.ui,3.6.0.I20100603-1100,"org.eclipse.ui.edit.paste",1300040726568
executed,command,org.eclipse.ui,3.6.0.I20100603-1100,"org.eclipse.ui.file.save",1300040727067
executed,command,org.eclipse.ui.ide,3.6.0.I20100601-0800,"org.eclipse.ui.project.buildAll",1300040728137
deactivated,workbench,org.eclipse.ui.workbench,3.6.0.I20100603-1100,"",1300040746291
activated,workbench,org.eclipse.ui.workbench,3.6.0.I20100603-1100,"",1300040746305
activated,view,org.eclipse.ui.navigator.resources,3.4.200.I20100601-0800,"org.eclipse.ui.navigator.ProjectExplorer",1300040746355
error,log,,,"Problems occurred when invoking code from plug-in: ""org.eclipse.ui.navigator"".",1300040747813
error,log,,,"Problems occurred when invoking code from plug-in: ""org.eclipse.ui.navigator"".",1300040747814
error,log,,,"Problems occurred when invoking code from plug-in: ""org.eclipse.ui.navigator"".",1300040747834
deactivated,workbench,org.eclipse.ui.workbench,3.6.0.I20100603-1100,"",1300040748430
activated,workbench,org.eclipse.ui.workbench,3.6.0.I20100603-1100,"",1300040748474
activated,editor,org.eclipse.cdt.ui,5.2.0.201006141710,"org.eclipse.cdt.ui.editor.CEditor",1300040754615
deactivated,workbench,org.eclipse.ui.workbench,3.6.0.I20100603-1100,"",1300040755408
activated,workbench,org.eclipse.ui.workbench,3.6.0.I20100603-1100,"",1300040755441
activated,editor,org.eclipse.cdt.ui,5.2.0.201006141710,"org.eclipse.cdt.ui.editor.CEditor",1300040755593
error,log,,,"Problems occurred when invoking code from plug-in: ""org.eclipse.ui.navigator"".",1300040758450
error,log,,,"Problems occurred when invoking code from plug-in: ""org.eclipse.ui.navigator"".",1300040758451
error,log,,,"Problems occurred when invoking code from plug-in: ""org.eclipse.ui.navigator"".",1300040758473
deactivated,workbench,org.eclipse.ui.workbench,3.6.0.I20100603-1100,"",1300040784192
activated,workbench,org.eclipse.ui.workbench,3.6.0.I20100603-1100,"",1300040825731
executed,command,org.eclipse.ui.workbench.texteditor,3.6.0.v20100520-0800,"org.eclipse.ui.edit.text.goto.lineStart",1300040827950
executed,command,org.eclipse.ui,3.6.0.I20100603-1100,"org.eclipse.ui.file.save",1300040829039
executed,command,org.eclipse.ui.ide,3.6.0.I20100601-0800,"org.eclipse.ui.project.buildAll",1300040830093
deactivated,workbench,org.eclipse.ui.workbench,3.6.0.I20100603-1100,"",1300040832024
activated,workbench,org.eclipse.ui.workbench,3.6.0.I20100603-1100,"",1300040832079
deactivated,workbench,org.eclipse.ui.workbench,3.6.0.I20100603-1100,"",1300040833232
activated,workbench,org.eclipse.ui.workbench,3.6.0.I20100603-1100,"",1300040858155
activated,editor,org.eclipse.cdt.ui,5.2.0.201006141710,"org.eclipse.cdt.ui.editor.CEditor",1300040861088
activated,editor,org.eclipse.cdt.ui,5.2.0.201006141710,"org.eclipse.cdt.ui.editor.CEditor",1300040864199
activated,editor,org.eclipse.cdt.ui,5.2.0.201006141710,"org.eclipse.cdt.ui.editor.CEditor",1300040882148
activated,editor,org.eclipse.cdt.ui,5.2.0.201006141710,"org.eclipse.cdt.ui.editor.CEditor",1300040883293
executed,command,org.eclipse.ui,3.6.0.I20100603-1100,"org.eclipse.ui.edit.delete",1300040891259
executed,command,org.eclipse.ui,3.6.0.I20100603-1100,"org.eclipse.ui.file.save",1300040891950
executed,command,org.eclipse.ui.ide,3.6.0.I20100601-0800,"org.eclipse.ui.project.buildAll",1300040893757
deactivated,workbench,org.eclipse.ui.workbench,3.6.0.I20100603-1100,"",1300040899054
activated,workbench,org.eclipse.ui.workbench,3.6.0.I20100603-1100,"",1300041088398
executed,command,org.eclipse.ui,3.6.0.I20100603-1100,"org.eclipse.ui.edit.copy",1300041138764
executed,command,org.eclipse.ui,3.6.0.I20100603-1100,"org.eclipse.ui.edit.paste",1300041146006
executed,command,org.eclipse.ui,3.6.0.I20100603-1100,"org.eclipse.ui.file.save",1300041147059
executed,command,org.eclipse.ui,3.6.0.I20100603-1100,"org.eclipse.ui.edit.text.contentAssist.proposals",1300041171284
executed,command,org.eclipse.ui,3.6.0.I20100603-1100,"org.eclipse.ui.file.save",1300041172394
executed,command,org.eclipse.ui.workbench.texteditor,3.6.0.v20100520-0800,"org.eclipse.ui.edit.text.deletePreviousWord",1300041175969
executed,command,org.eclipse.ui.workbench.texteditor,3.6.0.v20100520-0800,"org.eclipse.ui.edit.text.deletePreviousWord",1300041176160
executed,command,org.eclipse.ui.workbench.texteditor,3.6.0.v20100520-0800,"org.eclipse.ui.edit.text.deletePreviousWord",1300041176558
executed,command,org.eclipse.ui.workbench.texteditor,3.6.0.v20100520-0800,"org.eclipse.ui.edit.text.deletePreviousWord",1300041176831
executed,command,org.eclipse.ui.workbench.texteditor,3.6.0.v20100520-0800,"org.eclipse.ui.edit.text.deletePreviousWord",1300041177151
executed,command,org.eclipse.ui,3.6.0.I20100603-1100,"org.eclipse.ui.file.save",1300041181426
executed,command,org.eclipse.ui,3.6.0.I20100603-1100,"org.eclipse.ui.edit.text.contentAssist.proposals",1300041203079
executed,command,org.eclipse.ui,3.6.0.I20100603-1100,"org.eclipse.ui.edit.text.contentAssist.proposals",1300041204584
executed,command,org.eclipse.ui.workbench.texteditor,3.6.0.v20100520-0800,"org.eclipse.ui.edit.text.select.lineStart",1300041208812
executed,command,org.eclipse.ui,3.6.0.I20100603-1100,"org.eclipse.ui.edit.copy",1300041209211
executed,command,org.eclipse.ui.workbench.texteditor,3.6.0.v20100520-0800,"org.eclipse.ui.edit.text.goto.lineEnd",1300041209403
executed,command,org.eclipse.ui,3.6.0.I20100603-1100,"org.eclipse.ui.edit.paste",1300041209778
executed,command,org.eclipse.ui,3.6.0.I20100603-1100,"org.eclipse.ui.edit.paste",1300041210049
executed,command,org.eclipse.ui,3.6.0.I20100603-1100,"org.eclipse.ui.edit.paste",1300041210305
executed,command,org.eclipse.ui,3.6.0.I20100603-1100,"org.eclipse.ui.edit.paste",1300041210545
executed,command,org.eclipse.ui.workbench.texteditor,3.6.0.v20100520-0800,"org.eclipse.ui.edit.text.goto.wordPrevious",1300041211474
executed,command,org.eclipse.ui.workbench.texteditor,3.6.0.v20100520-0800,"org.eclipse.ui.edit.text.goto.wordPrevious",1300041211611
executed,command,org.eclipse.ui.workbench.texteditor,3.6.0.v20100520-0800,"org.eclipse.ui.edit.text.deletePreviousWord",1300041212766
executed,command,org.eclipse.ui,3.6.0.I20100603-1100,"org.eclipse.ui.edit.text.contentAssist.proposals",1300041213159
executed,command,org.eclipse.ui.workbench.texteditor,3.6.0.v20100520-0800,"org.eclipse.ui.edit.text.goto.wordNext",1300041218299
executed,command,org.eclipse.ui.workbench.texteditor,3.6.0.v20100520-0800,"org.eclipse.ui.edit.text.deletePreviousWord",1300041218989
executed,command,org.eclipse.ui,3.6.0.I20100603-1100,"org.eclipse.ui.edit.text.contentAssist.proposals",1300041220374
executed,command,org.eclipse.ui.workbench.texteditor,3.6.0.v20100520-0800,"org.eclipse.ui.edit.text.goto.wordNext",1300041223759
executed,command,org.eclipse.ui.workbench.texteditor,3.6.0.v20100520-0800,"org.eclipse.ui.edit.text.goto.wordNext",1300041224027
executed,command,org.eclipse.ui.workbench.texteditor,3.6.0.v20100520-0800,"org.eclipse.ui.edit.text.goto.wordPrevious",1300041224299
executed,command,org.eclipse.ui.workbench.texteditor,3.6.0.v20100520-0800,"org.eclipse.ui.edit.text.deletePreviousWord",1300041224637
executed,command,org.eclipse.ui,3.6.0.I20100603-1100,"org.eclipse.ui.edit.text.contentAssist.proposals",1300041225827
executed,command,org.eclipse.ui,3.6.0.I20100603-1100,"org.eclipse.ui.edit.text.contentAssist.proposals",1300041227488
executed,command,org.eclipse.ui.workbench.texteditor,3.6.0.v20100520-0800,"org.eclipse.ui.edit.text.goto.lineEnd",1300041232123
executed,command,org.eclipse.ui.workbench.texteditor,3.6.0.v20100520-0800,"org.eclipse.ui.edit.text.select.lineStart",1300041232588
executed,command,org.eclipse.ui,3.6.0.I20100603-1100,"org.eclipse.ui.edit.copy",1300041232859
executed,command,org.eclipse.ui.workbench.texteditor,3.6.0.v20100520-0800,"org.eclipse.ui.edit.text.goto.lineEnd",1300041233003
executed,command,org.eclipse.ui,3.6.0.I20100603-1100,"org.eclipse.ui.edit.paste",1300041233361
executed,command,org.eclipse.ui.workbench.texteditor,3.6.0.v20100520-0800,"org.eclipse.ui.edit.text.deletePreviousWord",1300041236257
executed,command,org.eclipse.ui,3.6.0.I20100603-1100,"org.eclipse.ui.edit.text.contentAssist.proposals",1300041237210
executed,command,org.eclipse.ui,3.6.0.I20100603-1100,"org.eclipse.ui.edit.text.contentAssist.proposals",1300041241937
executed,command,org.eclipse.ui.workbench.texteditor,3.6.0.v20100520-0800,"org.eclipse.ui.edit.text.goto.lineEnd",1300041243899
executed,command,org.eclipse.ui.workbench.texteditor,3.6.0.v20100520-0800,"org.eclipse.ui.edit.text.select.lineStart",1300041244363
executed,command,org.eclipse.ui,3.6.0.I20100603-1100,"org.eclipse.ui.edit.copy",1300041244619
executed,command,org.eclipse.ui.workbench.texteditor,3.6.0.v20100520-0800,"org.eclipse.ui.edit.text.goto.lineEnd",1300041244779
executed,command,org.eclipse.ui,3.6.0.I20100603-1100,"org.eclipse.ui.edit.paste",1300041245109
executed,command,org.eclipse.ui,3.6.0.I20100603-1100,"org.eclipse.ui.edit.paste",1300041245392
executed,command,org.eclipse.ui.workbench.texteditor,3.6.0.v20100520-0800,"org.eclipse.ui.edit.text.goto.wordPrevious",1300041245962
executed,command,org.eclipse.ui.workbench.texteditor,3.6.0.v20100520-0800,"org.eclipse.ui.edit.text.goto.wordPrevious",1300041246106
executed,command,org.eclipse.ui.workbench.texteditor,3.6.0.v20100520-0800,"org.eclipse.ui.edit.text.goto.lineEnd",1300041249098
executed,command,org.eclipse.ui,3.6.0.I20100603-1100,"org.eclipse.ui.edit.text.contentAssist.proposals",1300041251164
executed,command,org.eclipse.ui,3.6.0.I20100603-1100,"org.eclipse.ui.file.save",1300041260907
executed,command,org.eclipse.ui,3.6.0.I20100603-1100,"org.eclipse.ui.edit.text.contentAssist.proposals",1300041263898
executed,command,org.eclipse.ui.workbench.texteditor,3.6.0.v20100520-0800,"org.eclipse.ui.edit.text.deletePreviousWord",1300041269053
executed,command,org.eclipse.ui.workbench.texteditor,3.6.0.v20100520-0800,"org.eclipse.ui.edit.text.deletePreviousWord",1300041269180
executed,command,org.eclipse.ui,3.6.0.I20100603-1100,"org.eclipse.ui.file.save",1300041270192
executed,command,org.eclipse.ui,3.6.0.I20100603-1100,"org.eclipse.ui.edit.delete",1300041272829
executed,command,org.eclipse.ui,3.6.0.I20100603-1100,"org.eclipse.ui.edit.text.contentAssist.proposals",1300041274333
executed,command,org.eclipse.ui.workbench.texteditor,3.6.0.v20100520-0800,"org.eclipse.ui.edit.text.deletePreviousWord",1300041275324
executed,command,org.eclipse.ui,3.6.0.I20100603-1100,"org.eclipse.ui.edit.text.contentAssist.proposals",1300041276759
executed,command,org.eclipse.ui.workbench.texteditor,3.6.0.v20100520-0800,"org.eclipse.ui.edit.text.deletePreviousWord",1300041277469
executed,command,org.eclipse.ui,3.6.0.I20100603-1100,"org.eclipse.ui.file.save",1300041278494
executed,command,org.eclipse.ui,3.6.0.I20100603-1100,"org.eclipse.ui.file.save",1300041281190
executed,command,org.eclipse.ui,3.6.0.I20100603-1100,"org.eclipse.ui.edit.copy",1300041289819
executed,command,org.eclipse.ui,3.6.0.I20100603-1100,"org.eclipse.ui.edit.paste",1300041322112
executed,command,org.eclipse.ui,3.6.0.I20100603-1100,"org.eclipse.ui.edit.copy",1300041329627
executed,command,org.eclipse.ui,3.6.0.I20100603-1100,"org.eclipse.ui.edit.paste",1300041330607
activated,editor,org.eclipse.cdt.ui,5.2.0.201006141710,"org.eclipse.cdt.ui.editor.CEditor",1300041333284
executed,command,org.eclipse.ui,3.6.0.I20100603-1100,"org.eclipse.ui.edit.paste",1300041335968
executed,command,org.eclipse.ui,3.6.0.I20100603-1100,"org.eclipse.ui.file.save",1300041337572
activated,editor,org.eclipse.cdt.ui,5.2.0.201006141710,"org.eclipse.cdt.ui.editor.CEditor",1300041338721
executed,command,org.eclipse.ui,3.6.0.I20100603-1100,"org.eclipse.ui.file.save",1300041339340
executed,command,org.eclipse.ui,3.6.0.I20100603-1100,"org.eclipse.ui.edit.text.contentAssist.proposals",1300041342793
executed,command,org.eclipse.ui,3.6.0.I20100603-1100,"org.eclipse.ui.edit.text.contentAssist.proposals",1300041345894
executed,command,org.eclipse.ui,3.6.0.I20100603-1100,"org.eclipse.ui.file.save",1300041347932
executed,command,org.eclipse.ui.workbench.texteditor,3.6.0.v20100520-0800,"org.eclipse.ui.edit.text.deletePreviousWord",1300041350383
executed,command,org.eclipse.ui.workbench.texteditor,3.6.0.v20100520-0800,"org.eclipse.ui.edit.text.deletePreviousWord",1300041350540
executed,command,org.eclipse.ui,3.6.0.I20100603-1100,"org.eclipse.ui.edit.text.contentAssist.proposals",1300041353190
executed,command,org.eclipse.ui,3.6.0.I20100603-1100,"org.eclipse.ui.edit.text.contentAssist.proposals",1300041360919
executed,command,org.eclipse.ui,3.6.0.I20100603-1100,"org.eclipse.ui.edit.text.contentAssist.proposals",1300041362529
executed,command,org.eclipse.ui.workbench.texteditor,3.6.0.v20100520-0800,"org.eclipse.ui.edit.text.deletePreviousWord",1300041363644
executed,command,org.eclipse.ui,3.6.0.I20100603-1100,"org.eclipse.ui.edit.text.contentAssist.proposals",1300041371165
executed,command,org.eclipse.ui.workbench.texteditor,3.6.0.v20100520-0800,"org.eclipse.ui.edit.text.goto.lineEnd",1300041375976
executed,command,org.eclipse.ui.workbench.texteditor,3.6.0.v20100520-0800,"org.eclipse.ui.edit.text.goto.lineEnd",1300041377465
executed,command,org.eclipse.ui.workbench.texteditor,3.6.0.v20100520-0800,"org.eclipse.ui.edit.text.select.lineStart",1300041378091
executed,command,org.eclipse.ui,3.6.0.I20100603-1100,"org.eclipse.ui.edit.copy",1300041378427
executed,command,org.eclipse.ui.workbench.texteditor,3.6.0.v20100520-0800,"org.eclipse.ui.edit.text.goto.lineEnd",1300041378681
executed,command,org.eclipse.ui,3.6.0.I20100603-1100,"org.eclipse.ui.edit.paste",1300041379041
executed,command,org.eclipse.ui.workbench.texteditor,3.6.0.v20100520-0800,"org.eclipse.ui.edit.text.goto.wordPrevious",1300041379289
executed,command,org.eclipse.ui.workbench.texteditor,3.6.0.v20100520-0800,"org.eclipse.ui.edit.text.goto.wordPrevious",1300041379722
executed,command,org.eclipse.ui.workbench.texteditor,3.6.0.v20100520-0800,"org.eclipse.ui.edit.text.goto.wordPrevious",1300041380109
executed,command,org.eclipse.ui.workbench.texteditor,3.6.0.v20100520-0800,"org.eclipse.ui.edit.text.goto.wordPrevious",1300041380394
executed,command,org.eclipse.ui.workbench.texteditor,3.6.0.v20100520-0800,"org.eclipse.ui.edit.text.goto.wordPrevious",1300041380665
executed,command,org.eclipse.ui.workbench.texteditor,3.6.0.v20100520-0800,"org.eclipse.ui.edit.text.deletePreviousWord",1300041381340
executed,command,org.eclipse.ui,3.6.0.I20100603-1100,"org.eclipse.ui.edit.text.contentAssist.proposals",1300041382402
executed,command,org.eclipse.ui,3.6.0.I20100603-1100,"org.eclipse.ui.file.save",1300041382900
executed,command,org.eclipse.ui.ide,3.6.0.I20100601-0800,"org.eclipse.ui.project.buildAll",1300041384093
executed,command,org.eclipse.ui,3.6.0.I20100603-1100,"org.eclipse.ui.file.save",1300041392532
executed,command,org.eclipse.ui.ide,3.6.0.I20100601-0800,"org.eclipse.ui.project.buildAll",1300041399816
deactivated,workbench,org.eclipse.ui.workbench,3.6.0.I20100603-1100,"",1300041408067
activated,workbench,org.eclipse.ui.workbench,3.6.0.I20100603-1100,"",1300041491268
deactivated,workbench,org.eclipse.ui.workbench,3.6.0.I20100603-1100,"",1300041494958
activated,workbench,org.eclipse.ui.workbench,3.6.0.I20100603-1100,"",1300041494977
executed,command,org.eclipse.ui,3.6.0.I20100603-1100,"org.eclipse.ui.file.save",1300041502503
executed,command,org.eclipse.ui.ide,3.6.0.I20100601-0800,"org.eclipse.ui.project.buildAll",1300041505207
deactivated,workbench,org.eclipse.ui.workbench,3.6.0.I20100603-1100,"",1300041524010
activated,workbench,org.eclipse.ui.workbench,3.6.0.I20100603-1100,"",1300041524054
deactivated,workbench,org.eclipse.ui.workbench,3.6.0.I20100603-1100,"",1300041525695
activated,workbench,org.eclipse.ui.workbench,3.6.0.I20100603-1100,"",1300041526903
deactivated,workbench,org.eclipse.ui.workbench,3.6.0.I20100603-1100,"",1300041527548
activated,workbench,org.eclipse.ui.workbench,3.6.0.I20100603-1100,"",1300041533128
deactivated,workbench,org.eclipse.ui.workbench,3.6.0.I20100603-1100,"",1300041536240
activated,workbench,org.eclipse.ui.workbench,3.6.0.I20100603-1100,"",1300041592483
activated,editor,org.eclipse.cdt.ui,5.2.0.201006141710,"org.eclipse.cdt.ui.editor.CEditor",1300041594371
deactivated,workbench,org.eclipse.ui.workbench,3.6.0.I20100603-1100,"",1300043502525
activated,workbench,org.eclipse.ui.workbench,3.6.0.I20100603-1100,"",1300043503263
deactivated,workbench,org.eclipse.ui.workbench,3.6.0.I20100603-1100,"",1300043505983
activated,workbench,org.eclipse.ui.workbench,3.6.0.I20100603-1100,"",1300043516290
deactivated,workbench,org.eclipse.ui.workbench,3.6.0.I20100603-1100,"",1300043519778
activated,workbench,org.eclipse.ui.workbench,3.6.0.I20100603-1100,"",1300043521245
deactivated,workbench,org.eclipse.ui.workbench,3.6.0.I20100603-1100,"",1300043522312
activated,workbench,org.eclipse.ui.workbench,3.6.0.I20100603-1100,"",1300043524431
deactivated,workbench,org.eclipse.ui.workbench,3.6.0.I20100603-1100,"",1300043526095
activated,workbench,org.eclipse.ui.workbench,3.6.0.I20100603-1100,"",1300046150336
executed,command,org.eclipse.ui.workbench.texteditor,3.6.0.v20100520-0800,"org.eclipse.ui.edit.text.deletePreviousWord",1300046194995
executed,command,org.eclipse.ui.workbench.texteditor,3.6.0.v20100520-0800,"org.eclipse.ui.edit.text.deletePreviousWord",1300046206467
executed,command,org.eclipse.ui.workbench.texteditor,3.6.0.v20100520-0800,"org.eclipse.ui.edit.text.deletePreviousWord",1300046206627
executed,command,org.eclipse.ui.workbench.texteditor,3.6.0.v20100520-0800,"org.eclipse.ui.edit.text.deletePreviousWord",1300046206787
executed,command,org.eclipse.ui.workbench.texteditor,3.6.0.v20100520-0800,"org.eclipse.ui.edit.text.deletePreviousWord",1300046206931
executed,command,org.eclipse.ui.workbench.texteditor,3.6.0.v20100520-0800,"org.eclipse.ui.edit.text.deletePreviousWord",1300046207315
executed,command,org.eclipse.ui,3.6.0.I20100603-1100,"org.eclipse.ui.file.save",1300046214486
deactivated,workbench,org.eclipse.ui.workbench,3.6.0.I20100603-1100,"",1300046273044
activated,workbench,org.eclipse.ui.workbench,3.6.0.I20100603-1100,"",1300046273063
executed,command,org.eclipse.ui.workbench.texteditor,3.6.0.v20100520-0800,"org.eclipse.ui.edit.text.select.lineStart",1300046281476
executed,command,org.eclipse.cdt.ui,5.2.0.201006141710,"org.eclipse.cdt.ui.edit.text.c.toggle.comment",1300046282302
executed,command,org.eclipse.ui.workbench.texteditor,3.6.0.v20100520-0800,"org.eclipse.ui.edit.text.goto.lineEnd",1300046282720
executed,command,org.eclipse.ui.workbench.texteditor,3.6.0.v20100520-0800,"org.eclipse.ui.edit.text.select.lineEnd",1300046284337
executed,command,org.eclipse.ui,3.6.0.I20100603-1100,"org.eclipse.ui.edit.copy",1300046285632
executed,command,org.eclipse.cdt.ui,5.2.0.201006141710,"org.eclipse.cdt.ui.edit.text.c.toggle.comment",1300046285852
executed,command,org.eclipse.ui,3.6.0.I20100603-1100,"org.eclipse.ui.edit.paste",1300046286903
executed,command,org.eclipse.ui.workbench.texteditor,3.6.0.v20100520-0800,"org.eclipse.ui.edit.text.deletePreviousWord",1300046288210
executed,command,org.eclipse.ui.workbench.texteditor,3.6.0.v20100520-0800,"org.eclipse.ui.edit.text.deletePreviousWord",1300046288530
executed,command,org.eclipse.ui,3.6.0.I20100603-1100,"org.eclipse.ui.edit.text.contentAssist.proposals",1300046290272
executed,command,org.eclipse.ui,3.6.0.I20100603-1100,"org.eclipse.ui.edit.text.contentAssist.proposals",1300046291850
executed,command,org.eclipse.ui,3.6.0.I20100603-1100,"org.eclipse.ui.file.save",1300046294114
executed,command,org.eclipse.ui.ide,3.6.0.I20100601-0800,"org.eclipse.ui.project.buildAll",1300046295231
deactivated,workbench,org.eclipse.ui.workbench,3.6.0.I20100603-1100,"",1300046311930
activated,workbench,org.eclipse.ui.workbench,3.6.0.I20100603-1100,"",1300046318261
deactivated,workbench,org.eclipse.ui.workbench,3.6.0.I20100603-1100,"",1300046318657
activated,workbench,org.eclipse.ui.workbench,3.6.0.I20100603-1100,"",1300046377753
activated,editor,org.eclipse.cdt.ui,5.2.0.201006141710,"org.eclipse.cdt.ui.editor.CEditor",1300046389241
executed,command,org.eclipse.ui,3.6.0.I20100603-1100,"org.eclipse.ui.file.save",1300046476360
executed,command,org.eclipse.ui,3.6.0.I20100603-1100,"org.eclipse.ui.file.save",1300046514936
executed,command,org.eclipse.ui,3.6.0.I20100603-1100,"org.eclipse.ui.edit.text.contentAssist.proposals",1300046772120
executed,command,org.eclipse.ui,3.6.0.I20100603-1100,"org.eclipse.ui.file.save",1300046775749
executed,command,org.eclipse.ui.workbench.texteditor,3.6.0.v20100520-0800,"org.eclipse.ui.edit.text.select.lineStart",1300046779599
executed,command,org.eclipse.ui,3.6.0.I20100603-1100,"org.eclipse.ui.edit.copy",1300046779934
activated,editor,org.eclipse.cdt.ui,5.2.0.201006141710,"org.eclipse.cdt.ui.editor.CEditor",1300046781513
executed,command,org.eclipse.ui,3.6.0.I20100603-1100,"org.eclipse.ui.edit.paste",1300046788822
executed,command,org.eclipse.ui.workbench.texteditor,3.6.0.v20100520-0800,"org.eclipse.ui.edit.text.goto.wordPrevious",1300046789598
executed,command,org.eclipse.ui.workbench.texteditor,3.6.0.v20100520-0800,"org.eclipse.ui.edit.text.goto.wordPrevious",1300046789758
executed,command,org.eclipse.ui.workbench.texteditor,3.6.0.v20100520-0800,"org.eclipse.ui.edit.text.goto.wordPrevious",1300046789950
executed,command,org.eclipse.ui,3.6.0.I20100603-1100,"org.eclipse.ui.edit.copy",1300046791694
executed,command,org.eclipse.ui,3.6.0.I20100603-1100,"org.eclipse.ui.edit.paste",1300046792434
no handler,command,org.eclipse.ui.workbench.texteditor,3.6.0.v20100520-0800,"org.eclipse.ui.edit.text.goto.lineEnd",1300046794205
executed,command,org.eclipse.ui.workbench.texteditor,3.6.0.v20100520-0800,"org.eclipse.ui.edit.text.goto.lineEnd",1300046795054
executed,command,org.eclipse.ui.workbench.texteditor,3.6.0.v20100520-0800,"org.eclipse.ui.edit.text.smartEnter",1300046795988
executed,command,org.eclipse.ui,3.6.0.I20100603-1100,"org.eclipse.ui.file.save",1300046797044
executed,command,org.eclipse.ui.workbench.texteditor,3.6.0.v20100520-0800,"org.eclipse.ui.edit.text.goto.lineEnd",1300046863567
executed,command,org.eclipse.ui,3.6.0.I20100603-1100,"org.eclipse.ui.edit.text.contentAssist.proposals",1300046867480
executed,command,org.eclipse.ui.workbench.texteditor,3.6.0.v20100520-0800,"org.eclipse.ui.edit.text.deletePreviousWord",1300046868128
executed,command,org.eclipse.ui.workbench.texteditor,3.6.0.v20100520-0800,"org.eclipse.ui.edit.text.deletePreviousWord",1300046868288
executed,command,org.eclipse.ui.workbench.texteditor,3.6.0.v20100520-0800,"org.eclipse.ui.edit.text.deletePreviousWord",1300046868480
executed,command,org.eclipse.ui,3.6.0.I20100603-1100,"org.eclipse.ui.edit.text.contentAssist.proposals",1300046870260
executed,command,org.eclipse.ui,3.6.0.I20100603-1100,"org.eclipse.ui.edit.text.contentAssist.proposals",1300046872059
executed,command,org.eclipse.ui.workbench.texteditor,3.6.0.v20100520-0800,"org.eclipse.ui.edit.text.deletePreviousWord",1300046886096
executed,command,org.eclipse.ui.workbench.texteditor,3.6.0.v20100520-0800,"org.eclipse.ui.edit.text.deletePreviousWord",1300046886239
executed,command,org.eclipse.ui.workbench.texteditor,3.6.0.v20100520-0800,"org.eclipse.ui.edit.text.deletePreviousWord",1300046886576
executed,command,org.eclipse.ui,3.6.0.I20100603-1100,"org.eclipse.ui.file.save",1300046888068
deactivated,workbench,org.eclipse.ui.workbench,3.6.0.I20100603-1100,"",1300046904136
activated,workbench,org.eclipse.ui.workbench,3.6.0.I20100603-1100,"",1300046944871
executed,command,org.eclipse.ui,3.6.0.I20100603-1100,"org.eclipse.ui.edit.text.contentAssist.proposals",1300046946752
executed,command,org.eclipse.ui,3.6.0.I20100603-1100,"org.eclipse.ui.edit.text.contentAssist.proposals",1300046949503
executed,command,org.eclipse.ui,3.6.0.I20100603-1100,"org.eclipse.ui.file.save",1300046955599
deactivated,workbench,org.eclipse.ui.workbench,3.6.0.I20100603-1100,"",1300046957240
activated,workbench,org.eclipse.ui.workbench,3.6.0.I20100603-1100,"",1300046957447
executed,command,org.eclipse.ui,3.6.0.I20100603-1100,"org.eclipse.ui.edit.text.contentAssist.proposals",1300046976529
executed,command,org.eclipse.ui,3.6.0.I20100603-1100,"org.eclipse.ui.edit.text.contentAssist.proposals",1300046978295
executed,command,org.eclipse.ui,3.6.0.I20100603-1100,"org.eclipse.ui.edit.text.contentAssist.proposals",1300046980272
executed,command,org.eclipse.ui.workbench.texteditor,3.6.0.v20100520-0800,"org.eclipse.ui.edit.text.deletePreviousWord",1300046982511
executed,command,org.eclipse.ui.workbench.texteditor,3.6.0.v20100520-0800,"org.eclipse.ui.edit.text.goto.lineStart",1300046998173
executed,command,org.eclipse.ui.workbench.texteditor,3.6.0.v20100520-0800,"org.eclipse.ui.edit.text.deletePreviousWord",1300047003295
executed,command,org.eclipse.ui.workbench.texteditor,3.6.0.v20100520-0800,"org.eclipse.ui.edit.text.deletePreviousWord",1300047003439
executed,command,org.eclipse.ui,3.6.0.I20100603-1100,"org.eclipse.ui.edit.text.contentAssist.proposals",1300047008815
executed,command,org.eclipse.ui,3.6.0.I20100603-1100,"org.eclipse.ui.edit.text.contentAssist.proposals",1300047010977
executed,command,org.eclipse.ui,3.6.0.I20100603-1100,"org.eclipse.ui.edit.text.contentAssist.proposals",1300047017901
executed,command,org.eclipse.ui.workbench.texteditor,3.6.0.v20100520-0800,"org.eclipse.ui.edit.text.goto.wordPrevious",1300047019101
executed,command,org.eclipse.ui.workbench.texteditor,3.6.0.v20100520-0800,"org.eclipse.ui.edit.text.goto.wordPrevious",1300047019229
executed,command,org.eclipse.ui.workbench.texteditor,3.6.0.v20100520-0800,"org.eclipse.ui.edit.text.goto.wordPrevious",1300047019373
executed,command,org.eclipse.ui.workbench.texteditor,3.6.0.v20100520-0800,"org.eclipse.ui.edit.text.goto.wordPrevious",1300047019613
executed,command,org.eclipse.ui.workbench.texteditor,3.6.0.v20100520-0800,"org.eclipse.ui.edit.text.goto.lineEnd",1300047021613
executed,command,org.eclipse.ui,3.6.0.I20100603-1100,"org.eclipse.ui.edit.text.contentAssist.proposals",1300047034988
executed,command,org.eclipse.ui,3.6.0.I20100603-1100,"org.eclipse.ui.edit.text.contentAssist.proposals",1300047038049
executed,command,org.eclipse.ui,3.6.0.I20100603-1100,"org.eclipse.ui.edit.text.contentAssist.proposals",1300047040322
executed,command,org.eclipse.ui,3.6.0.I20100603-1100,"org.eclipse.ui.edit.text.contentAssist.proposals",1300047044319
executed,command,org.eclipse.ui,3.6.0.I20100603-1100,"org.eclipse.ui.edit.text.contentAssist.proposals",1300047048003
deactivated,workbench,org.eclipse.ui.workbench,3.6.0.I20100603-1100,"",1300047077377
